trade_idea_id,ticker,first_signal_time,latest_signal_time,signal_count,sweep_low_time,sweep_low_price,first_signal_price,latest_signal_price,latest_signal_high,bull_fvg_lower,bull_fvg_upper,range_50,fvg_50,entry_price,entry_source,entry_model_ready,stop_price,risk,target_1r,target_2r,target_3r,entry_filled,entry_time,entry_delay_candles,stop_hit,stop_time,target_1r_hit,target_1r_time,target_2r_hit,target_2r_time,target_3r_hit,target_3r_time,first_terminal_event,final_status,max_favorable_r,max_adverse_r,best_score,latest_score,best_meter_probability,latest_meter_probability,isl_sweep,protected_lows,bull_fvg_retest,range_quality,range_width_atr,range_age,target_highs,target_distance_atr,deeper_isl_pending,deeper_isl_atr,atr_ratio,fvg_atr,last_updated_at
TORNTPHARM.NS_1774327500_0fda3ab022dc,TORNTPHARM.NS,1774338300,1774338300,1,1774327500,4161.2002,4251.3999,4251.3999,4267.0,,,,,,,False,,,,,,,,,,,,,,,,,,entry_model_unavailable,,,0.0269,0.0269,0.51,0.51,False,0,False,,,,0,,False,,1.5,0.009,2026-05-10T14:04:12.618672+00:00
TATAPOWER.NS_1774341900_68a741b7b631,TATAPOWER.NS,1774413900,1774413900,1,1774341900,383.9,394.05,394.05,394.9,,,,,,,False,,,,,,,,,,,,,,,,,,entry_model_unavailable,,,0.1479,0.1479,0.05,0.05,False,0,False,,,,0,,True,0.672,0.739,0.173,2026-05-10T14:04:12.618672+00:00
SUNPHARMA.NS_1774341900_e48f3c5984e8,SUNPHARMA.NS,1774428300,1774428300,1,1774341900,1745.6,1794.0,1794.0,1809.4,,,,,,,False,,,,,,,,,,,,,,,,,,entry_model_unavailable,,,0.0768,0.0768,0.21894339622641512,0.2189,False,0,False,,,,0,,True,0.164,1.121,0.052,2026-05-10T14:04:12.618672+00:00
RAMCOCEM.NS_1774586700_516a3cca3168,RAMCOCEM.NS,1774601100,1774601100,1,1774586700,895.0,909.4,909.4,949.7,,,,,,,False,,,,,,,,,,,,,,,,,,entry_model_unavailable,,,3.7026,3.7026,0.92,0.92,False,0,False,,,,0,,True,2.368,1.461,1.052,2026-05-10T14:04:12.618672+00:00
GAIL.NS_1774842300_1ee543ec533d,GAIL.NS,1774853100,1774853100,1,1774842300,135.34,139.37,139.37,140.24,,,,,,,False,,,,,,,,,,,,,,,,,,entry_model_unavailable,,,1.0139,1.0139,0.5880259396820681,0.588,False,0,False,,,,0,,True,0.751,1.429,0.444,2026-05-10T14:04:12.618672+00:00
ABCAPITAL.NS_1774860300_537fcacd1814,ABCAPITAL.NS,1775015100,1775015100,1,1774860300,290.75,299.9,299.9,304.55,,,,,,,False,,,,,,,,,,,,,,,,,,entry_model_unavailable,,,0.0252,0.0252,0.26,0.26,True,2,False,,,,3,3.298,False,,0.71,0.024,2026-05-10T14:04:12.618672+00:00
BAJAJFINSV.NS_1774860300_0d8d166578cd,BAJAJFINSV.NS,1775015100,1775015100,1,1774860300,1627.0,1664.4,1664.4,1682.7,,,,,,,False,,,,,,,,,,,,,,,,,,entry_model_unavailable,,,0.4775,0.4775,0.23,0.23,True,1,False,,,,4,4.805,False,,0.868,0.222,2026-05-10T14:04:12.618672+00:00
BHARTIARTL.NS_1774860300_c274becf9216,BHARTIARTL.NS,1775015100,1775015100,1,1774860300,1775.0,1806.7,1806.7,1816.2,,,,,,,False,,,,,,,,,,,,,,,,,,entry_model_unavailable,,,0.1819,0.1819,0.23,0.23,True,1,False,,,,1,2.34,False,,0.788,0.136,2026-05-10T14:04:12.618672+00:00
CROMPTON.NS_1774860300_8403f403e1ef,CROMPTON.NS,1775015100,1775015100,1,1774860300,222.25,231.84,231.84,232.36,,,,,,,False,,,,,,,,,,,,,,,,,,entry_model_unavailable,,,0.5633,0.5633,0.49145597484276726,0.4915,True,1,False,,,,2,5.345,False,,1.147,0.338,2026-05-10T14:04:12.618672+00:00
HCLTECH.NS_1774860300_f8bf7705e91f,HCLTECH.NS,1775015100,1775015100,1,1774860300,1336.4,1380.6,1380.6,1391.8,,,,,,,False,,,,,,,,,,,,,,,,,,entry_model_unavailable,,,0.5323,0.5323,0.3591666666666667,0.3592,True,1,False,,,,2,1.493,True,2.005,0.85,0.49,2026-05-10T14:04:12.618672+00:00
HINDUNILVR.NS_1774853100_b5562e7358b0,HINDUNILVR.NS,1775015100,1775015100,1,1774853100,2046.3,2084.0,2084.0,2106.1001,,,,,,,False,,,,,,,,,,,,,,,,,,entry_model_unavailable,,,0.2581,0.2581,0.23947169811320757,0.2395,False,0,False,,,,1,2.984,True,0.798,1.153,0.08,2026-05-10T14:04:12.618672+00:00
INFY.NS_1774860300_ca82799cfefb,INFY.NS,1775015100,1775015100,1,1774860300,1243.0,1298.5,1298.5,1303.0,,,,,,,False,,,,,,,,,,,,,,,,,,entry_model_unavailable,,,0.3918,0.3918,0.34513207547169816,0.3451,False,0,False,,,,0,,True,1.604,1.193,0.244,2026-05-10T14:04:12.618672+00:00
JUBLFOOD.NS_1774860300_5f52f76ee891,JUBLFOOD.NS,1775015100,1775015100,1,1774860300,430.75,445.1,445.1,452.5,,,,,,,False,,,,,,,,,,,,,,,,,,entry_model_unavailable,,,0.819,0.819,0.49728439310652195,0.4973,True,1,False,,,,4,3.285,False,,1.013,0.477,2026-05-10T14:04:12.618672+00:00
TRENT.NS_1774856700_739ed5420b4e,TRENT.NS,1775015100,1775015100,1,1774856700,3275.6001,3511.2,3511.2,3537.6001,,,,,,,False,,,,,,,,,,,,,,,,,,entry_model_unavailable,,,0.285,0.285,0.466679245283019,0.4667,True,1,False,,,,0,,False,,1.211,0.161,2026-05-10T14:04:12.618672+00:00
WIPRO.NS_1774863900_25e22432402e,WIPRO.NS,1775015100,1775015100,1,1774863900,186.5,193.86,193.86,194.49,,,,,,,False,,,,,,,,,,,,,,,,,,entry_model_unavailable,,,2.0855,2.0855,0.92,0.92,True,1,False,,,,0,,False,,1.214,1.065,2026-05-10T14:04:12.618672+00:00
MPHASIS.NS_1774860300_a7b5528d251d,MPHASIS.NS,1775025900,1775025900,1,1774860300,2041.7,2160.7,2160.7,2164.7,,,,,,,False,,,,,,,,,,,,,,,,,,entry_model_unavailable,,,0.5051,0.5051,0.36688836477987413,0.3669,True,1,False,,,,0,,True,0.125,1.047,0.385,2026-05-10T14:04:12.618672+00:00
GNFC.NS_1775105100_12636b710683,GNFC.NS,1775115900,1775115900,1,1775105100,375.6,398.0,398.0,399.85,367.2,381.85,387.725,374.525,387.725,range_50,True,375.6,12.125,399.85,411.975,424.1,False,,,,,,,,,,,,no_entry_yet,,,5.4697,5.4697,0.92,0.92,True,1,True,,,,1,0.57,True,1.891,1.301,2.145,2026-05-10T14:04:12.618672+00:00
CHAMBLFERT.NS_1775101500_f42fc6a9b74e,CHAMBLFERT.NS,1775119500,1775119500,1,1775101500,433.6,452.65,452.65,453.0,430.7,437.55,443.3,434.125,443.3,range_50,True,433.6,9.7,453.0,462.7,472.4,True,1775533500,9,,,True,1775619900,True,1775630700,True,1775706300,target_1r,target_1r,3.124,-0.732,3.0455,3.0455,0.92,0.92,False,0,True,,,,0,,True,3.267,1.294,1.03,2026-05-10T14:04:12.618672+00:00
COALINDIA.NS_1775105100_1b439015933b,COALINDIA.NS,1775119500,1775119500,1,1775105100,440.75,449.9,449.9,451.85,,,,,,,False,,,,,,,,,,,,,,,,,,entry_model_unavailable,,,1.9847,1.9847,0.8908333333333334,0.8908,True,1,False,,,,2,1.808,True,0.329,1.455,0.59,2026-05-10T14:04:12.618672+00:00
CUMMINSIND.NS_1775105100_b3fcf0f6ee88,CUMMINSIND.NS,1775119500,1775119500,1,1775105100,4470.0,4654.8999,4654.8999,4668.0,4447.1001,4518.5,4569.0,4482.8,4569.0,range_50,True,4470.0,99.0,4668.0,4767.0,4866.0,True,1775533500,9,,,True,1775533500,True,1775619900,True,1775706300,target_1r,target_1r,7.939,-0.06,4.3015,4.3015,0.6997735849056604,0.6998,False,0,True,,,,0,,True,0.207,0.982,1.384,2026-05-10T14:04:12.618672+00:00
GAIL.NS_1775101500_20dad89aa216,GAIL.NS,1775119500,1775119500,1,1775101500,137.5,141.68,141.68,141.97,137.25,137.67,139.735,137.46,139.735,range_50,True,137.5,2.235,141.97,144.205,146.44,False,,,,,,,,,,,,no_entry_yet,,,6.8255,6.8255,0.92,0.92,False,0,True,,,,1,0.202,True,1.363,1.208,1.905,2026-05-10T14:04:12.618672+00:00
MARICO.NS_1775101500_97f7b537fd95,MARICO.NS,1775119500,1775119500,1,1775101500,729.0,760.9,760.9,767.55,,,,,,,False,,,,,,,,,,,,,,,,,,entry_model_unavailable,,,1.1857,1.1857,0.38034724409448817,0.3803,True,1,False,,,,0,,True,0.676,0.897,0.546,2026-05-10T14:04:12.618672+00:00
MPHASIS.NS_1775101500_d7c893a04eca,MPHASIS.NS,1775119500,1775119500,1,1775101500,2088.1001,2217.0,2217.0,2238.8999,2075.0,2131.3999,2163.5,2103.2,2163.5,range_50,True,2088.1001,75.3999,2238.8999,2314.2998,2389.6997,True,1777009500,91,,,True,1777261500,True,1777434300,,,target_1r,target_1r,2.459,-0.41,0.1737,0.1737,0.39475471698113207,0.3948,False,0,True,,,,0,,True,1.755,1.208,0.064,2026-05-10T14:04:12.618672+00:00
OBEROIRLTY.NS_1775101500_0ec3ac608f49,OBEROIRLTY.NS,1775119500,1775119500,1,1775101500,1414.0,1510.2,1510.2,1513.1,,,,,,,False,,,,,,,,,,,,,,,,,,entry_model_unavailable,,,1.7088,1.7088,0.7729040682414698,0.7729,False,0,False,,,,0,,True,0.288,2.248,0.619,2026-05-10T14:04:12.618672+00:00
TRENT.NS_1775105100_101ae3e1293a,TRENT.NS,1775119500,1775119500,1,1775105100,3401.3999,3558.7,3558.7,3567.3999,3306.6001,3467.8,3484.3999,3387.2001,3484.3999,range_50,True,3401.3999,83.0,3567.3999,3650.3999,3733.3999,False,,,,,,,,,,,,no_entry_yet,,,2.3716,2.3716,0.7926037735849056,0.7926,False,0,True,,,,0,,True,1.03,1.002,1.498,2026-05-10T14:04:12.618672+00:00
DEEPAKNTR.NS_1775105100_82474650df6e,DEEPAKNTR.NS,1775123100,1775123100,1,1775105100,1303.0,1375.0,1375.0,1382.8,1290.7,1326.3,1342.9,1308.5,1342.9,range_50,True,1303.0,39.9,1382.8,1422.7,1462.6,False,,,,,,,,,,,,no_entry_yet,,,10.1089,10.1089,0.92,0.92,True,1,True,,,,0,,True,1.212,1.233,2.177,2026-05-10T14:04:12.618672+00:00
ESCORTS.NS_1775105100_c85d85e70c43,ESCORTS.NS,1775123100,1775123100,1,1775105100,2710.1001,2844.0,2844.0,2852.0,,,,,,,False,,,,,,,,,,,,,,,,,,entry_model_unavailable,,,37.5321,37.5321,0.92,0.92,True,1,False,,,,0,,False,,1.577,3.419,2026-05-10T14:04:12.618672+00:00
LALPATHLAB.NS_1775101500_2aa37bedf14b,LALPATHLAB.NS,1775123100,1775123100,1,1775101500,1285.1,1322.0,1322.0,1339.0,,,,,,,False,,,,,,,,,,,,,,,,,,entry_model_unavailable,,,4.5977,4.5977,0.92,0.92,True,1,False,,,,1,1.492,True,0.761,1.608,1.565,2026-05-10T14:04:12.618672+00:00
LUPIN.NS_1775101500_2b2869587c79,LUPIN.NS,1775123100,1775123100,1,1775101500,2170.3999,2274.5,2274.5,2285.3,,,,,,,False,,,,,,,,,,,,,,,,,,entry_model_unavailable,,,29.9822,29.9822,0.92,0.92,True,2,False,,,,1,3.267,False,,2.403,2.368,2026-05-10T14:04:12.618672+00:00
SIEMENS.NS_1775101500_e04796c3d41b,SIEMENS.NS,1775123100,1775123100,1,1775101500,2906.0,3043.8999,3043.8999,3045.0,,,,,,,False,,,,,,,,,,,,,,,,,,entry_model_unavailable,,,11.2233,11.2233,0.92,0.92,True,1,False,,,,1,0.622,False,,1.435,2.123,2026-05-10T14:04:12.618672+00:00
COLPAL.NS_1775101500_0319beb959c4,COLPAL.NS,1775447100,1775447100,1,1775101500,1783.1,1825.3,1825.3,1840.6,,,,,,,False,,,,,,,,,,,,,,,,,,entry_model_unavailable,,,1.7263,1.7263,0.6643089115039865,0.6643,False,0,False,,,,3,4.577,True,0.058,1.347,0.511,2026-05-10T14:04:12.618672+00:00
HDFCBANK.NS_1775101500_0df35663d1b9,HDFCBANK.NS,1775447100,1775447100,1,1775101500,726.85,748.5,748.5,760.0,,,,,,,False,,,,,,,,,,,,,,,,,,entry_model_unavailable,,,5.3874,5.3874,0.92,0.92,False,0,False,,,,2,4.315,False,,1.323,1.91,2026-05-10T14:04:12.618672+00:00
INDHOTEL.NS_1775533500_c79944208af4,INDHOTEL.NS,1775547900,1775547900,1,1775533500,577.75,598.1,598.1,602.1,,,,,,,False,,,,,,,,,,,,,,,,,,entry_model_unavailable,,,1.5984,1.5984,0.6856955033922646,0.6857,False,0,False,,,,0,,True,1.269,1.204,0.634,2026-05-10T14:04:12.618672+00:00
APOLLOTYRE.NS_1775533500_a0c30d3aef99,APOLLOTYRE.NS,1775623500,1775623500,1,1775533500,402.55,439.3,439.3,443.35,400.7,404.3,422.95,402.5,422.95,range_50,True,402.55,20.4,443.35,463.75,484.15,True,1777023900,78,True,1777956300,,,,,,,stop,stop,0.779,-1.132,0.7674,0.7674,0.5567194349527066,0.5567,False,0,True,,,,0,,True,0.092,1.447,0.329,2026-05-10T14:04:12.618672+00:00
UBL.NS_1775555100_e39b308359aa,UBL.NS,1775627100,1775627100,1,1775555100,1459.5,1502.6,1502.6,1518.3,,,,,,,False,,,,,,,,,,,,,,,,,,entry_model_unavailable,,,1.4975,1.4975,0.6653601247957214,0.6654,False,0,False,,,,0,,True,1.229,1.318,0.444,2026-05-10T14:04:12.618672+00:00
ONGC.NS_1775619900_988ddd4a8cb8,ONGC.NS,1775634300,1775634300,1,1775619900,274.75,285.6,285.6,287.75,270.8,275.75,281.25,273.275,281.25,range_50,True,274.75,6.5,287.75,294.25,300.75,True,1776051900,17,,,True,1776051900,True,1777347900,True,1777365900,target_1r,target_1r,4.031,-0.092,21.5376,21.5376,0.92,0.92,True,1,True,,,,0,,True,3.076,1.821,3.803,2026-05-10T14:04:12.618672+00:00
PETRONET.NS_1775706300_a37aea5b16af,PETRONET.NS,1775717100,1775717100,1,1775706300,262.67,271.21,271.21,272.5,256.29,267.16,267.585,261.725,267.585,range_50,True,262.67,4.915,272.5,277.415,282.33,True,1776051900,11,True,1776051900,True,1776311100,True,1776761100,True,1777445100,stop,stop,3.909,-1.747,1.0463,1.0463,0.5803539147229239,0.5804,False,0,True,,,,1,1.214,True,4.28,1.254,0.396,2026-05-10T14:04:12.618672+00:00
PERSISTENT.NS_1775706300_99812ebabe42,PERSISTENT.NS,1775724300,1775724300,1,1775706300,5271.1001,5476.0,5476.0,5489.0,,,,,,,False,,,,,,,,,,,,,,,,,,entry_model_unavailable,,,0.6292,0.6292,0.34569020947853224,0.3457,False,0,False,,,,0,,True,5.833,1.183,0.29,2026-05-10T14:04:12.618672+00:00
FEDERALBNK.NS_1775720700_a22187845e86,FEDERALBNK.NS,1775792700,1775792700,1,1775720700,281.6,287.6,287.6,288.9,276.35,284.3,285.25,280.325,285.25,range_50,True,281.6,3.65,288.9,292.55,296.2,True,1776051900,7,True,1776325500,True,1776062700,True,1776224700,True,1776656700,target_1r,target_1r,4.452,-1.37,0.1822,0.1822,0.16,0.16,False,0,True,,,,0,,True,8.796,0.736,0.222,2026-05-10T14:04:12.618672+00:00
LTTS.NS_1775724300_6d40a1ebdff9,LTTS.NS,1775792700,1775792700,1,1775724300,3326.8999,3410.8,3410.8,3450.0,,,,,,,False,,,,,,,,,,,,,,,,,,entry_model_unavailable,,,0.0031,0.0031,0.12,0.12,False,0,False,,,,0,,True,3.153,0.471,0.006,2026-05-10T14:04:12.618672+00:00
SHRIRAMFIN.NS_1775724300_80a69eb9eb57,SHRIRAMFIN.NS,1775792700,1775792700,1,1775724300,990.45,1024.4,1024.4,1031.0,931.75,1005.0,1010.725,968.375,1010.725,range_50,True,990.45,20.275,1031.0,1051.275,1071.55,True,1776051900,7,True,1776051900,True,1776224700,True,1776743100,,,stop,stop,2.531,-4.27,0.535,0.535,0.43333333333333335,0.4333,False,0,True,,,,2,0.24,True,7.321,0.487,0.836,2026-05-10T14:04:12.618672+00:00
BAJAJFINSV.NS_1775724300_e737a371127f,BAJAJFINSV.NS,1775796300,1775796300,1,1775724300,1757.1,1803.7,1803.7,1808.8,1692.0,1776.0,1782.95,1734.0,1782.95,range_50,True,1757.1,25.85,1808.8,1834.65,1860.5,True,1776051900,6,True,1776051900,True,1776224700,True,1776224700,,,stop,stop,2.981,-2.485,0.1611,0.1611,0.16,0.16,False,0,True,,,,0,,True,4.192,0.675,0.169,2026-05-10T14:04:12.618672+00:00
BAJFINANCE.NS_1775724300_687b3816b9db,BAJFINANCE.NS,1775796300,1775796300,1,1775724300,893.2,923.8,923.8,925.3,856.0,906.3,909.25,881.15,909.25,range_50,True,893.2,16.05,925.3,941.35,957.4,True,1776051900,6,True,1776051900,True,1776311100,True,1776753900,True,1777520700,stop,stop,4.595,-1.71,0.0503,0.0503,0.16,0.16,False,0,True,,,,1,0.06,True,8.002,0.805,0.06,2026-05-10T14:04:12.618672+00:00
SBILIFE.NS_1775724300_bdff640d6167,SBILIFE.NS,1775799900,1775799900,1,1775724300,1881.1,1942.9,1942.9,1950.0,1845.4,1889.7,1915.55,1867.55,1915.55,range_50,True,1881.1,34.45,1950.0,1984.45,2018.9,True,1775814300,4,True,1776833100,True,1776224700,True,1776311100,,,target_1r,target_1r,2.181,-4.536,0.712,0.712,0.3428611771405932,0.3429,False,0,True,,,,0,,True,3.917,0.957,0.397,2026-05-10T14:04:12.618672+00:00
HINDCOPPER.NS_1776051900_c5ecacae5db4,HINDCOPPER.NS,1776059100,1776059100,1,1776051900,512.5,531.45,531.45,534.2,505.45,526.6,523.35,516.025,523.35,range_50,True,512.5,10.85,534.2,545.05,555.9,False,,,,,,,,,,,,no_entry_yet,,,17.0016,17.0016,0.92,0.92,True,1,True,,,,1,0.416,True,10.843,2.46,1.371,2026-05-10T14:04:12.618672+00:00
MGL.NS_1776051900_4cf43b616756,MGL.NS,1776059100,1776059100,1,1776051900,1040.0,1081.7,1081.7,1084.85,,,,,,,False,,,,,,,,,,,,,,,,,,entry_model_unavailable,,,5.0771,5.0771,0.92,0.92,False,0,False,,,,1,0.367,True,6.255,1.617,0.87,2026-05-10T14:04:12.618672+00:00
SAIL.NS_1776051900_68335894b05d,SAIL.NS,1776059100,1776059100,1,1776051900,160.89,169.94,169.94,171.43,160.59,162.41,166.16,161.5,166.16,range_50,True,160.89,5.27,171.43,176.7,181.97,True,1776231900,7,,,True,1776329100,True,1776743100,True,1777261500,target_1r,target_1r,4.6,-0.009,1.0703,1.0703,0.8449080052493438,0.8449,True,1,True,,,,0,,True,6.046,1.614,0.457,2026-05-10T14:04:12.618672+00:00
SRF.NS_1776051900_7dd10b77b2b2,SRF.NS,1776059100,1776059100,1,1776051900,2371.8999,2452.0,2452.0,2479.6001,,,,,,,False,,,,,,,,,,,,,,,,,,entry_model_unavailable,,,1.9977,1.9977,0.92,0.92,True,1,False,,,,1,0.895,True,0.468,1.506,0.778,2026-05-10T14:04:12.618672+00:00
NAVINFLUOR.NS_1776051900_f3125b23f7fc,NAVINFLUOR.NS,1776062700,1776062700,1,1776051900,6004.0,6242.5,6242.5,6272.0,5840.5,6004.5,6138.0,5922.5,6138.0,range_50,True,6004.0,134.0,6272.0,6406.0,6540.0,False,,,,,,,,,,,,no_entry_yet,,,0.6665,0.6665,0.42974411924924477,0.4297,False,0,True,,,,0,,True,0.437,1.285,0.308,2026-05-10T14:04:12.618672+00:00
TATACOMM.NS_1776051900_ec4026d20bad,TATACOMM.NS,1776066300,1776066300,1,1776051900,1460.7,1532.0,1532.0,1532.5,,,,,,,False,,,,,,,,,,,,,,,,,,entry_model_unavailable,,,0.6485,0.6485,0.35607815827266875,0.3561,False,0,False,,,,0,,True,0.488,1.167,0.415,2026-05-10T14:04:12.618672+00:00
DRREDDY.NS_1776051900_d0a075d32fdd,DRREDDY.NS,1776073500,1776073500,1,1776051900,1204.3,1234.0,1234.0,1238.8,,,,,,,False,,,,,,,,,,,,,,,,,,entry_model_unavailable,,,4.691,4.691,0.92,0.92,True,2,False,,,,0,,True,3.072,1.973,0.765,2026-05-10T14:04:12.618672+00:00
BERGEPAINT.NS_1776051900_81ddbc397bbb,BERGEPAINT.NS,1776224700,1776224700,1,1776051900,440.05,464.8,464.8,470.4,437.7,450.4,455.225,444.05,455.225,range_50,True,440.05,15.175,470.4,485.575,500.75,False,,,,,,,,,,,,no_entry_yet,,,1.7451,1.7451,0.7855489501312336,0.7855,False,0,True,,,,0,,True,1.896,1.877,0.349,2026-05-10T14:04:12.618672+00:00
KOTAKBANK.NS_1776059100_d7f84953d719,KOTAKBANK.NS,1776224700,1776224700,1,1776059100,365.6,380.4,380.4,382.8,363.95,372.9,374.2,368.425,374.2,range_50,True,365.6,8.6,382.8,391.4,400.0,True,1776915900,38,True,1777866300,True,1777347900,,,,,target_1r,target_1r,1.436,-1.262,12.1694,12.1694,0.92,0.92,True,1,True,,,,0,,True,3.837,1.61,2.507,2026-05-10T14:04:12.618672+00:00
AUROPHARMA.NS_1776073500_d3ad578f41e7,AUROPHARMA.NS,1776231900,1776231900,1,1776073500,1333.4,1369.9,1369.9,1374.8,1331.8,1339.6,1354.1,1335.7,1354.1,range_50,True,1333.4,20.7,1374.8,1395.5,1416.2,False,,,,,,,,,,,,no_entry_yet,,,0.9641,0.9641,0.6159629549844005,0.616,True,1,True,,,,0,,True,1.453,1.035,0.621,2026-05-10T14:04:12.618672+00:00
ATUL.NS_1776073500_225a9b370705,ATUL.NS,1776235500,1776235500,1,1776073500,6294.0,6565.0,6565.0,6580.0,6233.0,6315.0,6437.0,6274.0,6437.0,range_50,True,6294.0,143.0,6580.0,6723.0,6866.0,False,,,,,,,,,,,,no_entry_yet,,,0.2165,0.2165,0.19,0.19,True,1,True,,,,0,,True,0.554,0.692,0.285,2026-05-10T14:04:12.618672+00:00
LUPIN.NS_1776073500_74cc97d0b697,LUPIN.NS,1776235500,1776235500,1,1776073500,2310.2,2347.3999,2347.3999,2352.8999,2300.8999,2311.1001,2331.5499,2306.0,2331.5499,range_50,True,2310.2,21.3499,2352.8999,2374.2498,2395.5998,True,1776311100,4,True,1776311100,True,1776915900,True,1776915900,True,1778042700,stop,stop,5.946,-3.328,0.2411,0.2411,0.08000000000000002,0.08,False,0,True,,,,0,,True,0.57,0.708,0.251,2026-05-10T14:04:12.618672+00:00
HAVELLS.NS_1776235500_dbf26f7b1859,HAVELLS.NS,1776311100,1776311100,1,1776235500,1259.4,1287.2,1287.2,1307.7,,,,,,,False,,,,,,,,,,,,,,,,,,entry_model_unavailable,,,0.8775,0.8775,0.6221653543307087,0.6222,False,0,False,,,,0,,True,1.6,1.745,0.348,2026-05-10T14:04:12.618672+00:00
HINDCOPPER.NS_1776242700_5cc108cc662c,HINDCOPPER.NS,1776314700,1776314700,1,1776242700,546.65,561.4,561.4,566.0,529.5,554.15,556.325,541.825,556.325,range_50,True,546.65,9.675,566.0,575.675,585.35,True,1776656700,13,True,1777002300,True,1776656700,,,,,target_1r,target_1r,1.372,-2.897,1.2186,1.2186,0.43009356955380573,0.4301,False,0,True,,,,0,,True,3.688,0.742,0.611,2026-05-10T14:04:12.618672+00:00
TATAPOWER.NS_1776318300_10f4f2348220,TATAPOWER.NS,1776397500,1776397500,1,1776318300,416.3,426.55,426.55,431.9,410.15,417.3,424.1,413.725,424.1,range_50,True,416.3,7.8,431.9,439.7,447.5,False,,,,,,,,,,,,no_entry_yet,,,0.0781,0.0781,0.40950943396226425,0.4095,False,0,True,,,,0,,True,6.202,1.231,0.049,2026-05-10T14:04:12.618672+00:00
NMDC.NS_1776321900_2bbbd5dbf4ac,NMDC.NS,1776404700,1776404700,1,1776321900,85.87,88.59,88.59,89.59,,,,,,,False,,,,,,,,,,,,,,,,,,entry_model_unavailable,,,2.4202,2.4202,0.92,0.92,False,0,False,,,,0,,True,3.725,1.76,0.819,2026-05-10T14:04:12.618672+00:00
GRANULES.NS_1776757500_41aad32819e9,GRANULES.NS,1776829500,1776829500,1,1776757500,652.25,685.0,685.0,689.85,,,,,,,False,,,,,,,,,,,,,,,,,,entry_model_unavailable,,,0.2744,0.2744,0.12,0.12,False,0,False,,,,0,,True,3.605,0.777,0.179,2026-05-10T14:04:12.618672+00:00
MARICO.NS_1776753900_aadc1d5843eb,MARICO.NS,1776829500,1776829500,1,1776753900,754.6,763.05,763.05,770.45,,,,,,,False,,,,,,,,,,,,,,,,,,entry_model_unavailable,,,0.2824,0.2824,0.11437735849056599,0.1144,False,0,False,,,,0,,True,0.862,0.958,0.225,2026-05-10T14:04:12.618672+00:00
CIPLA.NS_1776829500_3d49e87263b2,CIPLA.NS,1776840300,1776840300,1,1776829500,1222.5,1235.1,1235.1,1237.2,1212.8,1222.7,1229.85,1217.75,1229.85,range_50,True,1222.5,7.35,1237.2,1244.55,1251.9,False,,,,,,,,,,,,no_entry_yet,,,0.0836,0.0836,0.13449056603773585,0.1345,False,0,True,,,,1,1.247,True,0.32,0.927,0.048,2026-05-10T14:04:12.618672+00:00
INDIGO.NS_1776833100_6e454657f3dc,INDIGO.NS,1776840300,1776840300,1,1776833100,4625.2998,4684.0,4684.0,4712.7002,4434.8999,4629.6001,4669.0,4532.25,4669.0,range_50,True,4625.2998,43.7002,4712.7002,4756.4004,4800.1006,True,1776843900,1,True,1776851100,,,,,,,stop,stop,0.387,-11.327,0.5005,0.5005,0.24143396226415093,0.2414,False,0,True,,,,1,1.076,True,1.559,0.969,0.191,2026-05-10T14:04:12.618672+00:00
ADANIPORTS.NS_1776915900_1f45313c8fa7,ADANIPORTS.NS,1776923100,1776923100,1,1776915900,1566.7,1603.0,1603.0,1610.7,1564.0,1568.1,1588.7,1566.05,1588.7,range_50,True,1566.7,22.0,1610.7,1632.7,1654.7,True,1777005900,6,True,1777013100,True,1777261500,True,1777261500,True,1777434300,stop,stop,7.868,-1.459,0.7465,0.7465,0.2348484251968504,0.2348,False,0,True,,,,1,0.089,True,10.605,0.891,0.303,2026-05-10T14:04:12.618672+00:00
SBIN.NS_1776926700_e0fb343bddb2,SBIN.NS,1777002300,1777002300,1,1776926700,1082.5,1095.2,1095.2,1101.35,,,,,,,False,,,,,,,,,,,,,,,,,,entry_model_unavailable,,,2.53,2.53,0.8066666666666666,0.8067,False,0,False,,,,2,2.888,True,3.782,1.823,0.46,2026-05-10T14:04:12.618672+00:00
GRASIM.NS_1776937500_c52ac582aefd,GRASIM.NS,1777005900,1777005900,1,1776937500,2727.0,2752.8,2752.8,2768.2,2632.7,2738.3,2747.6,2685.5,2747.6,range_50,True,2727.0,20.6,2768.2,2788.8,2809.4,True,1777009500,1,,,True,1777261500,True,1777265100,True,1777275900,target_1r,target_1r,8.461,-0.709,0.9021,0.9021,0.3713186351706037,0.3713,True,1,True,,,,2,1.972,True,0.189,0.823,0.544,2026-05-10T14:04:12.618672+00:00
NMDC.NS_1777005900_91f9043d4f50,NMDC.NS,1777013100,1777013100,1,1777005900,86.71,88.8,88.8,89.46,86.62,86.89,88.085,86.755,88.085,range_50,True,86.71,1.375,89.46,90.835,92.21,True,1777959900,41,,,True,1778039100,,,,,target_1r,target_1r,1.989,-0.069,0.098,0.098,0.4636981132075471,0.4637,True,1,True,,,,1,0.664,True,1.187,1.144,0.085,2026-05-10T14:04:12.618672+00:00
HEROMOTOCO.NS_1777016700_76be35481e2f,HEROMOTOCO.NS,1777261500,1777261500,1,1777016700,4943.5,5071.0,5071.0,5094.0,,,,,,,False,,,,,,,,,,,,,,,,,,entry_model_unavailable,,,1.3876,1.3876,0.5290620487297578,0.5291,False,0,False,,,,1,5.013,True,0.949,1.085,0.705,2026-05-10T14:04:12.618672+00:00
ADANIPORTS.NS_1777016700_f34ba520df08,ADANIPORTS.NS,1777268700,1777268700,1,1777016700,1556.6,1628.3,1628.3,1649.8,1551.6,1568.0,1603.2,1559.8,1603.2,range_50,True,1556.6,46.6,1649.8,1696.4,1743.0,True,1777535100,23,,,True,1777538700,True,1777866300,True,1777873500,target_1r,target_1r,3.403,-0.112,3.647,3.647,0.92,0.92,True,1,True,,,,0,,True,10.391,1.397,1.081,2026-05-10T14:04:12.618672+00:00
HINDPETRO.NS_1777362300_05a996068537,HINDPETRO.NS,1777434300,1777434300,1,1777362300,375.05,381.45,381.45,384.35,375.0,381.05,379.7,378.025,379.7,range_50,True,375.05,4.65,384.35,389.0,393.65,True,1777437900,1,True,1777520700,True,1778049900,True,1778053500,True,1778053500,stop,stop,4.86,-3.065,0.2236,0.2236,0.27350943396226407,0.2735,False,0,True,,,,0,,True,1.945,1.019,0.123,2026-05-10T14:04:12.618672+00:00
SBILIFE.NS_1777434300_71ae5c2fdab7,SBILIFE.NS,1777437900,1777437900,1,1777434300,1797.4,1818.4,1818.4,1829.5,,,,,,,False,,,,,,,,,,,,,,,,,,entry_model_unavailable,,,0.0896,0.0896,0.1776981132075472,0.1777,False,0,False,,,,6,10.946,True,2.418,0.932,0.091,2026-05-10T14:04:12.618672+00:00
BHARATFORG.NS_1777365900_f9d52676e949,BHARATFORG.NS,1777441500,1777441500,1,1777365900,1890.9,1938.9,1938.9,1949.8,1877.8,1894.3,1920.35,1886.05,1920.35,range_50,True,1890.9,29.45,1949.8,1979.25,2008.7,True,1777448700,2,True,1777520700,,,,,,,stop,stop,0.358,-3.462,0.2695,0.2695,0.2129166666666667,0.2129,False,0,True,,,,0,,True,3.032,0.774,0.307,2026-05-10T14:04:12.618672+00:00
ABB.NS_1777437900_befd98a20393,ABB.NS,1777445100,1777445100,1,1777437900,7212.0,7315.5,7315.5,7373.0,,,,,,,False,,,,,,,,,,,,,,,,,,entry_model_unavailable,,,0.462,0.462,0.2335094339622641,0.2335,False,0,False,,,,1,1.815,True,6.275,1.019,0.295,2026-05-10T14:04:12.618672+00:00
LT.NS_1777362300_74c271a097da,LT.NS,1777445100,1777445100,1,1777362300,4024.3999,4123.6001,4123.6001,4126.0,4017.2,4064.5,4075.2,4040.85,4075.2,range_50,True,4024.3999,50.8001,4126.0,4176.8001,4227.6001,True,1777520700,4,True,1777520700,True,1777866300,,,,,stop,stop,1.266,-3.449,1.2296,1.2296,0.4928287253008468,0.4928,False,0,True,,,,0,,True,0.47,0.966,0.759,2026-05-10T14:04:12.618672+00:00
TATACHEM.NS_1777452300_d72b76cc1e50,TATACHEM.NS,1777520700,1777520700,1,1777452300,781.0,802.3,802.3,853.55,,,,,,,False,,,,,,,,,,,,,,,,,,entry_model_unavailable,,,0.1751,0.1751,0.12,0.12,False,0,False,,,,0,,True,4.96,0.721,0.181,2026-05-10T14:04:12.618672+00:00
MRF.NS_1777520700_47ca1cee73c8,MRF.NS,1777535100,1777535100,1,1777520700,128750.0,130645.0,130645.0,131100.0,127300.0,132860.0,129925.0,130080.0,130080.0,fvg_50,True,128750.0,1330.0,131410.0,132740.0,134070.0,True,1777538700,1,True,1777880700,True,1777866300,,,,,target_1r,target_1r,1.252,-1.481,1.8752,1.8752,0.8052987421383648,0.8053,True,1,True,,,,1,3.148,True,1.286,1.246,0.43,2026-05-10T14:04:12.618672+00:00
HAL.NS_1777524300_c5a8aeed61e7,HAL.NS,1777538700,1777538700,1,1777524300,4289.5,4337.7998,4337.7998,4378.8999,4272.0,4303.2002,4334.2,4287.6001,4334.2,range_50,True,4289.5,44.7,4378.8999,4423.5999,4468.2998,True,1777542300,1,,,True,1777866300,True,1777866300,True,1777866300,target_1r,target_1r,7.667,-0.362,2.6925,2.6925,0.92,0.92,True,2,True,,,,1,0.695,True,1.981,1.68,0.775,2026-05-10T14:04:12.618672+00:00
PIIND.NS_1777524300_4806c73cfc43,PIIND.NS,1777866300,1777866300,1,1777524300,3016.8999,3100.0,3100.0,3124.8,,,,,,,False,,,,,,,,,,,,,,,,,,entry_model_unavailable,,,5.9991,5.9991,0.6799999999999999,0.68,True,1,False,,,,1,1.342,True,0.446,0.842,1.329,2026-05-10T14:04:12.618672+00:00
UPL.NS_1777531500_0f204d81d5fe,UPL.NS,1777866300,1777866300,1,1777531500,630.0,654.85,654.85,655.7,,,,,,,False,,,,,,,,,,,,,,,,,,entry_model_unavailable,,,5.2175,5.2175,0.92,0.92,True,1,False,,,,0,,True,2.763,1.327,1.069,2026-05-10T14:04:12.618672+00:00
ACC.NS_1777866300_35151ca4a2eb,ACC.NS,1777873500,1777873500,1,1777866300,1402.5,1425.0,1425.0,1436.0,1341.0,1408.1,1419.25,1374.55,1419.25,range_50,True,1402.5,16.75,1436.0,1452.75,1469.5,True,1777877100,1,True,1777884300,,,,,,,stop,stop,0.612,-2.636,0.1969,0.1969,0.26181132075471697,0.2618,True,1,True,,,,2,2.178,True,0.368,0.954,0.174,2026-05-10T14:04:12.618672+00:00
BAJFINANCE.NS_1777538700_5df1ac645728,BAJFINANCE.NS,1777873500,1777873500,1,1777538700,933.9,957.15,957.15,966.0,933.8,941.5,949.95,937.65,949.95,range_50,True,933.9,16.05,966.0,982.05,998.1,True,1777877100,1,True,1777952700,True,1778039100,True,1778039100,,,stop,stop,2.059,-1.044,0.3326,0.3326,0.23713207547169807,0.2371,False,0,True,,,,1,0.844,True,0.347,1.087,0.22,2026-05-10T14:04:12.618672+00:00
RELIANCE.NS_1777524300_8641fc0c4bb6,RELIANCE.NS,1777877100,1777877100,1,1777524300,1393.1,1460.1,1460.1,1464.0,,,,,,,False,,,,,,,,,,,,,,,,,,entry_model_unavailable,,,4.771,4.771,0.8586415094339622,0.8586,False,0,False,,,,0,,True,0.173,1.292,1.959,2026-05-10T14:04:12.618672+00:00
ABFRL.NS_1777880700_c694c857fa76,ABFRL.NS,1777887900,1777887900,1,1777880700,62.4,66.0,66.0,66.31,61.92,64.0,64.355,62.96,64.355,range_50,True,62.4,1.955,66.31,68.265,70.22,True,1777952700,1,,,True,1778057100,,,,,target_1r,target_1r,1.118,-0.432,1.5715,1.5715,0.661777559055118,0.6618,True,1,True,,,,0,,True,1.077,0.892,0.783,2026-05-10T14:04:12.618672+00:00
NAVINFLUOR.NS_1777884300_8457384a3f15,NAVINFLUOR.NS,1777956300,1777956300,1,1777884300,6760.5,6911.0,6911.0,6927.0,,,,,,,False,,,,,,,,,,,,,,,,,,entry_model_unavailable,,,0.8127,0.8127,0.2279811023622047,0.228,False,0,False,,,,1,0.516,True,0.992,0.688,0.552,2026-05-10T14:04:12.618672+00:00
BAJAJFINSV.NS_1777952700_e51edab2ad5a,BAJAJFINSV.NS,1777963500,1777963500,1,1777952700,1742.8,1791.3,1791.3,1795.4,1692.0,1776.0,1769.1,1734.0,1769.1,range_50,True,1742.8,26.3,1795.4,1821.7,1848.0,False,,,,,,,,,,,,no_entry_yet,,,0.5555,0.5555,0.390003144654088,0.39,False,0,True,,,,0,,True,1.35,1.059,0.398,2026-05-10T14:04:12.618672+00:00
M&M.NS_1777952700_5abe45684bae,M&M.NS,1777963500,1777963500,1,1777952700,3070.3999,3174.2,3174.2,3184.7,3067.5,3077.6001,3127.5499,3072.55,3127.5499,range_50,True,3070.3999,57.15,3184.7,3241.85,3299.0001,False,,,,,,,,,,,,no_entry_yet,,,0.3499,0.3499,0.16749999999999998,0.1675,False,0,True,,,,0,,True,0.696,0.67,0.39,2026-05-10T14:04:12.618672+00:00
BAJFINANCE.NS_1777952700_f4528f190d31,BAJFINANCE.NS,1777967100,1777967100,1,1777952700,933.2,955.55,955.55,960.15,932.6,945.1,946.675,938.85,946.675,range_50,True,933.2,13.475,960.15,973.625,987.1,False,,,,,,,,,,,,no_entry_yet,,,0.4175,0.4175,0.23850000000000005,0.2385,True,1,True,,,,1,0.465,True,0.239,0.717,0.306,2026-05-10T14:04:12.618672+00:00
POWERGRID.NS_1777959900_cf45ed07909b,POWERGRID.NS,1777970700,1777970700,1,1777959900,315.0,319.7,319.7,321.15,,,,,,,False,,,,,,,,,,,,,,,,,,entry_model_unavailable,,,0.4927,0.4927,0.2878867924528301,0.2879,True,1,False,,,,2,1.211,True,0.22,1.057,0.242,2026-05-10T14:04:12.618672+00:00
ESCORTS.NS_1777967100_fa2f93e09b6a,ESCORTS.NS,1778039100,1778039100,1,1777967100,3196.2,3299.7,3299.7,3305.0,,,,,,,False,,,,,,,,,,,,,,,,,,entry_model_unavailable,,,0.0427,0.0427,0.05,0.05,False,0,False,,,,1,0.365,True,0.553,0.689,0.059,2026-05-10T14:04:12.618672+00:00
AUBANK.NS_1778049900_6325368f0028,AUBANK.NS,1778057100,1778057100,1,1778049900,1002.0,1024.6,1024.6,1028.3,,,,,,,False,,,,,,,,,,,,,,,,,,entry_model_unavailable,,,1.4056,1.4056,0.7460267518446987,0.746,False,0,False,,,,2,0.892,True,0.504,1.264,0.944,2026-05-10T14:04:12.618672+00:00
BANKBARODA.NS_1778049900_ea3ec466d518,BANKBARODA.NS,1778057100,1778057100,1,1778049900,262.9,270.3,270.3,270.75,258.48,272.59,266.825,265.535,266.825,range_50,True,262.9,3.925,270.75,274.675,278.6,False,,,,,,,,,,,,no_entry_yet,,,1.1237,1.1237,0.7883098425196851,0.7883,False,0,True,,,,1,0.316,True,0.569,1.46,0.759,2026-05-10T14:04:12.618672+00:00
DLF.NS_1778049900_a70a7b495d65,DLF.NS,1778057100,1778057100,1,1778049900,594.95,608.0,608.0,609.8,588.6,598.4,602.375,593.5,602.375,range_50,True,594.95,7.425,609.8,617.225,624.65,False,,,,,,,,,,,,no_entry_yet,,,0.0728,0.0728,0.16,0.16,False,0,True,,,,1,0.358,True,2.245,0.748,0.094,2026-05-10T14:04:12.618672+00:00
